{
    "data": [
      {
        "distance": [
          "0.000015813", 
          "8.6", 
          "310", 
          "4.4", 
          "37", 
          "25", 
          "43", 
          "860", 
          "11.4", 
          "0640[1]", 
          "144", 
          "390", 
          "17", 
          "320", 
          "65", 
          "600", 
          "260", 
          "34", 
          "25", 
          "2,600", 
          "350", 
          "77", 
          "430", 
          "700", 
          "52"
        ], 
        "gravity": [
          274.10478078144416, 
          199.1764843048556, 
          0.8156262074432974, 
          209.38559643026983, 
          0.4460284894372612, 
          82.72023562677326, 
          4.949114097442743, 
          1.0127224556237, 
          113.89395323328704, 
          0.0060743441724419, 
          21.233692117420222, 
          38.914280667998426, 
          152.280433767469, 
          62.28867635482887, 
          0.2123745718864495, 
          0.0071134458680305, 
          56.14636402516638, 
          6.725194776404233, 
          160.74045786566168, 
          0.1263799372672824, 
          62.155279088762846, 
          108.38690603220478, 
          17.481172243714553, 
          51.32385487255861, 
          133.24537954653536
        ], 
        "mass": [
          1.989e+30, 
          4.1769000000000005e+30, 
          2.9835e+31, 
          2.1879e+30, 
          2.1879e+30, 
          4.3758e+30, 
          5.1714e+30, 
          4.574699999999999e+31, 
          2.9835000000000004e+30, 
          3.978e+31, 
          1.3326300000000001e+31, 
          2.0884500000000003e+31, 
          3.5802e+30, 
          3.5802e+31, 
          2.9835000000000004e+30, 
          2.3868e+31, 
          2.273427e+31, 
          3.7791e+30, 
          3.7791e+30, 
          3.7791e+31, 
          3.1824e+31, 
          7.558199999999999e+30, 
          2.48625e+31, 
          2.8840500000000003e+31, 
          5.569200000000001e+30
        ], 
        "radius": [
          695700000.0, 
          1182690000.0, 
          49394700000.0, 
          834840000.0, 
          18088200000.0, 
          1878390000.0, 
          8348400000.0, 
          54890730000.00001, 
          1321830000.0, 
          660915000000.0, 
          6470010000.000001, 
          5983020000.0, 
          1252260000.0, 
          6191730000.0, 
          30610800000.0, 
          473076000000.0, 
          5196879000.0, 
          6122160000.000001, 
          1252260000.0, 
          141227100000.0, 
          5843880000.0, 
          2156670000.0, 
          9739800000.0, 
          6122160000.000001, 
          1669680000.0
        ], 
        "starnames": [
          "Sun", 
          "Sirius", 
          "Canopus", 
          "Alpha Centauri", 
          "Arcturus", 
          "Vega", 
          "Capella", 
          "Rigel", 
          "Procyon", 
          "Betelgeuse", 
          "Achernar", 
          "Hadar", 
          "Altair", 
          "Acrux", 
          "Aldebaran", 
          "Antares", 
          "Spica", 
          "Pollux", 
          "Fomalhaut", 
          "Deneb", 
          "Mimosa", 
          "Regulus", 
          "Adhara", 
          "Shaula", 
          "Castor"
        ]
      }
    ]
  }